-- phpMyAdmin SQL Dump
-- version 5.0.2
-- https://www.phpmyadmin.net/
--
-- Host: 127.0.0.1:3306
-- Generation Time: Nov 02, 2020 at 04:02 PM
-- Server version: 5.7.31
-- PHP Version: 7.3.21

SET SQL_MODE = "NO_AUTO_VALUE_ON_ZERO";
START TRANSACTION;
SET time_zone = "+00:00";


/*!40101 SET @OLD_CHARACTER_SET_CLIENT=@@CHARACTER_SET_CLIENT */;
/*!40101 SET @OLD_CHARACTER_SET_RESULTS=@@CHARACTER_SET_RESULTS */;
/*!40101 SET @OLD_COLLATION_CONNECTION=@@COLLATION_CONNECTION */;
/*!40101 SET NAMES utf8mb4 */;

--
-- Database: `projet_innovation`
--
CREATE DATABASE IF NOT EXISTS `projet_innovation` DEFAULT CHARACTER SET latin1 COLLATE latin1_swedish_ci;
USE `projet_innovation`;

-- --------------------------------------------------------

--
-- Table structure for table `doctrine_migration_versions`
--

DROP TABLE IF EXISTS `doctrine_migration_versions`;
CREATE TABLE IF NOT EXISTS `doctrine_migration_versions` (
  `version` varchar(191) COLLATE utf8_unicode_ci NOT NULL,
  `executed_at` datetime DEFAULT NULL,
  `execution_time` int(11) DEFAULT NULL,
  PRIMARY KEY (`version`)
) ENGINE=InnoDB DEFAULT CHARSET=utf8 COLLATE=utf8_unicode_ci;

--
-- Dumping data for table `doctrine_migration_versions`
--

INSERT INTO `doctrine_migration_versions` (`version`, `executed_at`, `execution_time`) VALUES
('DoctrineMigrations\\Version20201028191758', '2020-10-28 19:18:10', 245);

-- --------------------------------------------------------

--
-- Table structure for table `recording`
--

DROP TABLE IF EXISTS `recording`;
CREATE TABLE IF NOT EXISTS `recording` (
  `id` int(11) NOT NULL AUTO_INCREMENT,
  `sensor_id` int(11) NOT NULL,
  `value` double NOT NULL,
  `recorded_at` datetime NOT NULL,
  PRIMARY KEY (`id`),
  KEY `IDX_BB532B53A247991F` (`sensor_id`)
) ENGINE=InnoDB AUTO_INCREMENT=460 DEFAULT CHARSET=utf8mb4 COLLATE=utf8mb4_unicode_ci;

--
-- Dumping data for table `recording`
--

INSERT INTO `recording` (`id`, `sensor_id`, `value`, `recorded_at`) VALUES
(228, 1, 52, '2020-11-02 16:26:06'),
(229, 2, 7, '2020-11-02 16:26:06'),
(231, 1, 50, '2020-11-02 16:27:36'),
(232, 2, 11, '2020-11-02 16:27:36'),
(233, 1, 84, '2020-11-02 16:28:36'),
(234, 2, 67, '2020-11-02 16:28:36'),
(235, 3, 49, '2020-11-02 16:28:36'),
(236, 1, 76, '2020-11-02 16:28:41'),
(237, 2, 46, '2020-11-02 16:28:41'),
(238, 3, 76, '2020-11-02 16:28:41'),
(239, 1, 47, '2020-11-02 16:29:56'),
(240, 2, 37, '2020-11-02 16:29:56'),
(241, 3, 99, '2020-11-02 16:29:56'),
(242, 1, 47, '2020-11-02 16:30:01'),
(243, 2, 15, '2020-11-02 16:30:01'),
(244, 3, 93, '2020-11-02 16:30:01'),
(245, 1, 72, '2020-11-02 16:30:19'),
(246, 2, 44, '2020-11-02 16:30:19'),
(247, 3, 78, '2020-11-02 16:30:19'),
(248, 4, 23, '2020-11-02 16:30:19'),
(249, 5, 9, '2020-11-02 16:30:19'),
(250, 1, 40, '2020-11-02 16:30:24'),
(251, 2, 65, '2020-11-02 16:30:24'),
(252, 3, 92, '2020-11-02 16:30:24'),
(253, 4, 42, '2020-11-02 16:30:24'),
(254, 5, 87, '2020-11-02 16:30:24'),
(255, 1, 3, '2020-11-02 16:30:29'),
(256, 2, 27, '2020-11-02 16:30:29'),
(257, 3, 29, '2020-11-02 16:30:29'),
(258, 4, 40, '2020-11-02 16:30:29'),
(259, 5, 12, '2020-11-02 16:30:29'),
(260, 1, 3, '2020-11-02 16:30:34'),
(261, 2, 69, '2020-11-02 16:30:34'),
(262, 3, 9, '2020-11-02 16:30:34'),
(263, 4, 57, '2020-11-02 16:30:34'),
(264, 5, 60, '2020-11-02 16:30:34'),
(265, 1, 33, '2020-11-02 16:30:39'),
(266, 2, 99, '2020-11-02 16:30:39'),
(267, 3, 78, '2020-11-02 16:30:39'),
(268, 4, 16, '2020-11-02 16:30:39'),
(269, 5, 35, '2020-11-02 16:30:39'),
(270, 1, 97, '2020-11-02 16:30:44'),
(271, 2, 26, '2020-11-02 16:30:44'),
(272, 3, 12, '2020-11-02 16:30:44'),
(273, 4, 67, '2020-11-02 16:30:44'),
(274, 5, 10, '2020-11-02 16:30:44'),
(275, 1, 33, '2020-11-02 16:30:49'),
(276, 2, 79, '2020-11-02 16:30:49'),
(277, 3, 49, '2020-11-02 16:30:49'),
(278, 4, 79, '2020-11-02 16:30:49'),
(279, 5, 21, '2020-11-02 16:30:49'),
(280, 1, 67, '2020-11-02 16:30:54'),
(281, 2, 72, '2020-11-02 16:30:54'),
(282, 3, 93, '2020-11-02 16:30:54'),
(283, 4, 36, '2020-11-02 16:30:54'),
(284, 5, 85, '2020-11-02 16:30:54'),
(285, 1, 45, '2020-11-02 16:30:59'),
(286, 2, 28, '2020-11-02 16:30:59'),
(287, 3, 91, '2020-11-02 16:30:59'),
(288, 4, 94, '2020-11-02 16:30:59'),
(289, 5, 57, '2020-11-02 16:30:59'),
(290, 1, 1, '2020-11-02 16:31:04'),
(291, 2, 53, '2020-11-02 16:31:04'),
(292, 3, 8, '2020-11-02 16:31:04'),
(293, 4, 44, '2020-11-02 16:31:04'),
(294, 5, 68, '2020-11-02 16:31:04'),
(295, 1, 90, '2020-11-02 16:31:09'),
(296, 2, 24, '2020-11-02 16:31:09'),
(297, 3, 96, '2020-11-02 16:31:09'),
(298, 4, 30, '2020-11-02 16:31:09'),
(299, 5, 3, '2020-11-02 16:31:09'),
(300, 1, 22, '2020-11-02 16:31:14'),
(301, 2, 66, '2020-11-02 16:31:14'),
(302, 3, 49, '2020-11-02 16:31:14'),
(303, 4, 24, '2020-11-02 16:31:14'),
(304, 5, 1, '2020-11-02 16:31:14'),
(305, 1, 53, '2020-11-02 16:31:19'),
(306, 2, 77, '2020-11-02 16:31:19'),
(307, 3, 8, '2020-11-02 16:31:19'),
(308, 4, 28, '2020-11-02 16:31:19'),
(309, 5, 33, '2020-11-02 16:31:19'),
(310, 1, 98, '2020-11-02 16:31:24'),
(311, 2, 81, '2020-11-02 16:31:24'),
(312, 3, 35, '2020-11-02 16:31:24'),
(313, 4, 13, '2020-11-02 16:31:24'),
(314, 5, 65, '2020-11-02 16:31:24'),
(315, 1, 14, '2020-11-02 16:31:29'),
(316, 2, 63, '2020-11-02 16:31:29'),
(317, 3, 36, '2020-11-02 16:31:29'),
(318, 4, 25, '2020-11-02 16:31:29'),
(319, 5, 69, '2020-11-02 16:31:29'),
(320, 1, 15, '2020-11-02 16:31:34'),
(321, 2, 94, '2020-11-02 16:31:34'),
(322, 3, 29, '2020-11-02 16:31:34'),
(323, 4, 1, '2020-11-02 16:31:34'),
(324, 5, 17, '2020-11-02 16:31:34'),
(325, 1, 95, '2020-11-02 16:31:39'),
(326, 2, 5, '2020-11-02 16:31:39'),
(327, 3, 4, '2020-11-02 16:31:39'),
(328, 4, 51, '2020-11-02 16:31:39'),
(329, 5, 98, '2020-11-02 16:31:39'),
(330, 1, 88, '2020-11-02 16:31:44'),
(331, 2, 23, '2020-11-02 16:31:44'),
(332, 3, 5, '2020-11-02 16:31:44'),
(333, 4, 82, '2020-11-02 16:31:44'),
(334, 5, 52, '2020-11-02 16:31:44'),
(335, 1, 66, '2020-11-02 16:31:49'),
(336, 2, 16, '2020-11-02 16:31:49'),
(337, 3, 37, '2020-11-02 16:31:49'),
(338, 4, 38, '2020-11-02 16:31:49'),
(339, 5, 44, '2020-11-02 16:31:49'),
(340, 1, 1, '2020-11-02 16:31:54'),
(341, 2, 97, '2020-11-02 16:31:54'),
(342, 3, 71, '2020-11-02 16:31:54'),
(343, 4, 28, '2020-11-02 16:31:54'),
(344, 5, 37, '2020-11-02 16:31:54'),
(345, 1, 58, '2020-11-02 16:31:59'),
(346, 2, 77, '2020-11-02 16:31:59'),
(347, 3, 97, '2020-11-02 16:31:59'),
(348, 4, 94, '2020-11-02 16:31:59'),
(349, 5, 4, '2020-11-02 16:31:59'),
(350, 1, 9, '2020-11-02 16:32:04'),
(351, 2, 31, '2020-11-02 16:32:04'),
(352, 3, 45, '2020-11-02 16:32:04'),
(353, 4, 75, '2020-11-02 16:32:04'),
(354, 5, 35, '2020-11-02 16:32:04'),
(355, 1, 98, '2020-11-02 16:32:09'),
(356, 2, 42, '2020-11-02 16:32:09'),
(357, 3, 99, '2020-11-02 16:32:09'),
(358, 4, 68, '2020-11-02 16:32:09'),
(359, 5, 12, '2020-11-02 16:32:09'),
(360, 1, 60, '2020-11-02 16:32:14'),
(361, 2, 57, '2020-11-02 16:32:14'),
(362, 3, 94, '2020-11-02 16:32:14'),
(363, 4, 8, '2020-11-02 16:32:14'),
(364, 5, 95, '2020-11-02 16:32:14'),
(365, 1, 68, '2020-11-02 16:32:19'),
(366, 2, 13, '2020-11-02 16:32:19'),
(367, 3, 30, '2020-11-02 16:32:19'),
(368, 4, 6, '2020-11-02 16:32:19'),
(369, 5, 62, '2020-11-02 16:32:19'),
(370, 1, 42, '2020-11-02 16:32:24'),
(371, 2, 65, '2020-11-02 16:32:24'),
(372, 3, 82, '2020-11-02 16:32:24'),
(373, 4, 52, '2020-11-02 16:32:24'),
(374, 5, 67, '2020-11-02 16:32:24'),
(375, 1, 21, '2020-11-02 16:32:29'),
(376, 2, 95, '2020-11-02 16:32:29'),
(377, 3, 12, '2020-11-02 16:32:29'),
(378, 4, 71, '2020-11-02 16:32:29'),
(379, 5, 1, '2020-11-02 16:32:29'),
(380, 1, 90, '2020-11-02 16:32:34'),
(381, 2, 31, '2020-11-02 16:32:34'),
(382, 3, 38, '2020-11-02 16:32:34'),
(383, 4, 57, '2020-11-02 16:32:34'),
(384, 5, 16, '2020-11-02 16:32:34'),
(385, 1, 90, '2020-11-02 16:32:39'),
(386, 2, 40, '2020-11-02 16:32:39'),
(387, 3, 79, '2020-11-02 16:32:39'),
(388, 4, 35, '2020-11-02 16:32:39'),
(389, 5, 6, '2020-11-02 16:32:39'),
(390, 1, 72, '2020-11-02 16:32:44'),
(391, 2, 98, '2020-11-02 16:32:44'),
(392, 3, 95, '2020-11-02 16:32:44'),
(393, 4, 19, '2020-11-02 16:32:44'),
(394, 5, 54, '2020-11-02 16:32:44'),
(395, 1, 23, '2020-11-02 16:32:49'),
(396, 2, 89, '2020-11-02 16:32:49'),
(397, 3, 60, '2020-11-02 16:32:49'),
(398, 4, 5, '2020-11-02 16:32:49'),
(399, 5, 26, '2020-11-02 16:32:49'),
(400, 1, 23, '2020-11-02 16:32:54'),
(401, 2, 6, '2020-11-02 16:32:54'),
(402, 3, 13, '2020-11-02 16:32:54'),
(403, 4, 70, '2020-11-02 16:32:54'),
(404, 5, 38, '2020-11-02 16:32:54'),
(405, 1, 94, '2020-11-02 16:32:59'),
(406, 2, 20, '2020-11-02 16:32:59'),
(407, 3, 44, '2020-11-02 16:32:59'),
(408, 4, 66, '2020-11-02 16:32:59'),
(409, 5, 34, '2020-11-02 16:32:59'),
(410, 1, 26, '2020-11-02 16:33:04'),
(411, 2, 94, '2020-11-02 16:33:04'),
(412, 3, 63, '2020-11-02 16:33:04'),
(413, 4, 38, '2020-11-02 16:33:04'),
(414, 5, 44, '2020-11-02 16:33:04'),
(415, 1, 90, '2020-11-02 16:33:09'),
(416, 2, 50, '2020-11-02 16:33:09'),
(417, 3, 59, '2020-11-02 16:33:09'),
(418, 4, 23, '2020-11-02 16:33:09'),
(419, 5, 47, '2020-11-02 16:33:09'),
(420, 1, 85, '2020-11-02 16:33:14'),
(421, 2, 17, '2020-11-02 16:33:14'),
(422, 3, 72, '2020-11-02 16:33:14'),
(423, 4, 39, '2020-11-02 16:33:14'),
(424, 5, 47, '2020-11-02 16:33:14'),
(425, 1, 85, '2020-11-02 16:33:19'),
(426, 2, 96, '2020-11-02 16:33:19'),
(427, 3, 85, '2020-11-02 16:33:19'),
(428, 4, 23, '2020-11-02 16:33:19'),
(429, 5, 20, '2020-11-02 16:33:19'),
(430, 1, 44, '2020-11-02 16:33:24'),
(431, 2, 68, '2020-11-02 16:33:24'),
(432, 3, 35, '2020-11-02 16:33:24'),
(433, 4, 15, '2020-11-02 16:33:24'),
(434, 5, 25, '2020-11-02 16:33:24'),
(435, 1, 34, '2020-11-02 16:33:29'),
(436, 2, 42, '2020-11-02 16:33:29'),
(437, 3, 11, '2020-11-02 16:33:29'),
(438, 4, 79, '2020-11-02 16:33:29'),
(439, 5, 52, '2020-11-02 16:33:29'),
(440, 1, 44, '2020-11-02 16:33:34'),
(441, 2, 95, '2020-11-02 16:33:34'),
(442, 3, 18, '2020-11-02 16:33:34'),
(443, 4, 96, '2020-11-02 16:33:34'),
(444, 5, 92, '2020-11-02 16:33:34'),
(445, 1, 15, '2020-11-02 16:33:39'),
(446, 2, 91, '2020-11-02 16:33:39'),
(447, 3, 33, '2020-11-02 16:33:39'),
(448, 4, 69, '2020-11-02 16:33:39'),
(449, 5, 97, '2020-11-02 16:33:39'),
(450, 1, 53, '2020-11-02 16:33:44'),
(451, 2, 47, '2020-11-02 16:33:44'),
(452, 3, 25, '2020-11-02 16:33:44'),
(453, 4, 10, '2020-11-02 16:33:44'),
(454, 5, 62, '2020-11-02 16:33:44'),
(455, 1, 67, '2020-11-02 16:45:19'),
(456, 2, 40, '2020-11-02 16:45:19'),
(457, 3, 7, '2020-11-02 16:45:19'),
(458, 4, 66, '2020-11-02 16:45:19'),
(459, 5, 28, '2020-11-02 16:45:19');

-- --------------------------------------------------------

--
-- Table structure for table `sensor`
--

DROP TABLE IF EXISTS `sensor`;
CREATE TABLE IF NOT EXISTS `sensor` (
  `id` int(11) NOT NULL AUTO_INCREMENT,
  `type_id` int(11) NOT NULL,
  `name` varchar(255) COLLATE utf8mb4_unicode_ci NOT NULL,
  PRIMARY KEY (`id`),
  KEY `IDX_BC8617B0C54C8C93` (`type_id`)
) ENGINE=InnoDB AUTO_INCREMENT=7 DEFAULT CHARSET=utf8mb4 COLLATE=utf8mb4_unicode_ci;

--
-- Dumping data for table `sensor`
--

INSERT INTO `sensor` (`id`, `type_id`, `name`) VALUES
(1, 1, 'TEM1'),
(2, 2, 'HUM1'),
(3, 1, 'TEM2'),
(4, 2, 'HUM2'),
(5, 3, 'BRI1');

-- --------------------------------------------------------

--
-- Table structure for table `sensor_type`
--

DROP TABLE IF EXISTS `sensor_type`;
CREATE TABLE IF NOT EXISTS `sensor_type` (
  `id` int(11) NOT NULL AUTO_INCREMENT,
  `name` varchar(63) COLLATE utf8mb4_unicode_ci NOT NULL,
  `unit` varchar(15) COLLATE utf8mb4_unicode_ci NOT NULL,
  PRIMARY KEY (`id`)
) ENGINE=InnoDB AUTO_INCREMENT=4 DEFAULT CHARSET=utf8mb4 COLLATE=utf8mb4_unicode_ci;

--
-- Dumping data for table `sensor_type`
--

INSERT INTO `sensor_type` (`id`, `name`, `unit`) VALUES
(1, 'Temperature', '°C'),
(2, 'Humidity', '%'),
(3, 'Brightness', '%');

--
-- Constraints for dumped tables
--

--
-- Constraints for table `recording`
--
ALTER TABLE `recording`
  ADD CONSTRAINT `FK_BB532B53A247991F` FOREIGN KEY (`sensor_id`) REFERENCES `sensor` (`id`);

--
-- Constraints for table `sensor`
--
ALTER TABLE `sensor`
  ADD CONSTRAINT `FK_BC8617B0C54C8C93` FOREIGN KEY (`type_id`) REFERENCES `sensor_type` (`id`);
COMMIT;

/*!40101 SET CHARACTER_SET_CLIENT=@OLD_CHARACTER_SET_CLIENT */;
/*!40101 SET CHARACTER_SET_RESULTS=@OLD_CHARACTER_SET_RESULTS */;
/*!40101 SET COLLATION_CONNECTION=@OLD_COLLATION_CONNECTION */;
